,col
0,quality health safety environment
1,quality health environment safety
2,quality safety health environment
3,quality safety environment health
4,quality environment health safety
5,quality environment safety health
6,health quality safety environment
7,health quality environment safety
8,health safety quality environment
9,health safety environment quality
10,health environment quality safety
11,health environment safety quality
12,safety quality health environment
13,safety quality environment health
14,safety health quality environment
15,safety health environment quality
16,safety environment quality health
17,safety environment health quality
18,environment quality health safety
19,environment quality safety health
20,environment health quality safety
21,environment health safety quality
22,environment safety quality health
23,environment safety health quality
24,intertek plastics technology laboratories
25,intertek plastics laboratories technology
26,intertek technology plastics laboratories
27,intertek technology laboratories plastics
28,intertek laboratories plastics technology
29,intertek laboratories technology plastics
30,plastics intertek technology laboratories
31,plastics intertek laboratories technology
32,plastics technology intertek laboratories
33,plastics technology laboratories intertek
34,plastics laboratories intertek technology
35,plastics laboratories technology intertek
36,technology intertek plastics laboratories
37,technology intertek laboratories plastics
38,technology plastics intertek laboratories
39,technology plastics laboratories intertek
40,technology laboratories intertek plastics
41,technology laboratories plastics intertek
42,laboratories intertek plastics technology
43,laboratories intertek technology plastics
44,laboratories plastics intertek technology
45,laboratories plastics technology intertek
46,laboratories technology intertek plastics
47,laboratories technology plastics intertek
48,various applications phoenix interacts
49,various applications interacts phoenix
50,various phoenix applications interacts
51,various phoenix interacts applications
52,various interacts applications phoenix
53,various interacts phoenix applications
54,applications various phoenix interacts
55,applications various interacts phoenix
56,applications phoenix various interacts
57,applications phoenix interacts various
58,applications interacts various phoenix
59,applications interacts phoenix various
60,phoenix various applications interacts
61,phoenix various interacts applications
62,phoenix applications various interacts
63,phoenix applications interacts various
64,phoenix interacts various applications
65,phoenix interacts applications various
66,interacts various applications phoenix
67,interacts various phoenix applications
68,interacts applications various phoenix
69,interacts applications phoenix various
70,interacts phoenix various applications
71,interacts phoenix applications various
72,gin different job id
73,gin different id job
74,gin job different id
75,gin job id different
76,gin id different job
77,gin id job different
78,different gin job id
79,different gin id job
80,different job gin id
81,different job id gin
82,different id gin job
83,different id job gin
84,job gin different id
85,job gin id different
86,job different gin id
87,job different id gin
88,job id gin different
89,job id different gin
90,id gin different job
91,id gin job different
92,id different gin job
93,id different job gin
94,id job gin different
95,id job different gin
96,many job types phoenix
97,many job phoenix types
98,many types job phoenix
99,many types phoenix job
100,many phoenix job types
101,many phoenix types job
102,job many types phoenix
103,job many phoenix types
104,job types many phoenix
105,job types phoenix many
106,job phoenix many types
107,job phoenix types many
108,types many job phoenix
109,types many phoenix job
110,types job many phoenix
111,types job phoenix many
112,types phoenix many job
113,types phoenix job many
114,phoenix many job types
115,phoenix many types job
116,phoenix job many types
117,phoenix job types many
118,phoenix types many job
119,phoenix types job many
120,cm jobs reconcile page
121,cm jobs page reconcile
122,cm reconcile jobs page
123,cm reconcile page jobs
124,cm page jobs reconcile
125,cm page reconcile jobs
126,jobs cm reconcile page
127,jobs cm page reconcile
128,jobs reconcile cm page
129,jobs reconcile page cm
130,jobs page cm reconcile
131,jobs page reconcile cm
132,reconcile cm jobs page
133,reconcile cm page jobs
134,reconcile jobs cm page
135,reconcile jobs page cm
136,reconcile page cm jobs
137,reconcile page jobs cm
138,page cm jobs reconcile
139,page cm reconcile jobs
140,page jobs cm reconcile
141,page jobs reconcile cm
142,page reconcile cm jobs
143,page reconcile jobs cm
144,many invoices types phoenix
145,many invoices phoenix types
146,many types invoices phoenix
147,many types phoenix invoices
148,many phoenix invoices types
149,many phoenix types invoices
150,invoices many types phoenix
151,invoices many phoenix types
152,invoices types many phoenix
153,invoices types phoenix many
154,invoices phoenix many types
155,invoices phoenix types many
156,types many invoices phoenix
157,types many phoenix invoices
158,types invoices many phoenix
159,types invoices phoenix many
160,types phoenix many invoices
161,types phoenix invoices many
162,phoenix many invoices types
163,phoenix many types invoices
164,phoenix invoices many types
165,phoenix invoices types many
166,phoenix types many invoices
167,phoenix types invoices many
168,different application interact phoenix
169,different application phoenix interact
170,different interact application phoenix
171,different interact phoenix application
172,different phoenix application interact
173,different phoenix interact application
174,application different interact phoenix
175,application different phoenix interact
176,application interact different phoenix
177,application interact phoenix different
178,application phoenix different interact
179,application phoenix interact different
180,interact different application phoenix
181,interact different phoenix application
182,interact application different phoenix
183,interact application phoenix different
184,interact phoenix different application
185,interact phoenix application different
186,phoenix different application interact
187,phoenix different interact application
188,phoenix application different interact
189,phoenix application interact different
190,phoenix interact different application
191,phoenix interact application different
192,web service log phoenix
193,web service phoenix log
194,web log service phoenix
195,web log phoenix service
196,web phoenix service log
197,web phoenix log service
198,service web log phoenix
199,service web phoenix log
200,service log web phoenix
201,service log phoenix web
202,service phoenix web log
203,service phoenix log web
204,log web service phoenix
205,log web phoenix service
206,log service web phoenix
207,log service phoenix web
208,log phoenix web service
209,log phoenix service web
210,phoenix web service log
211,phoenix web log service
212,phoenix service web log
213,phoenix service log web
214,phoenix log web service
215,phoenix log service web
216,types cm jobs phoenix
217,types cm phoenix jobs
218,types jobs cm phoenix
219,types jobs phoenix cm
220,types phoenix cm jobs
221,types phoenix jobs cm
222,cm types jobs phoenix
223,cm types phoenix jobs
224,cm jobs types phoenix
225,cm jobs phoenix types
226,cm phoenix types jobs
227,cm phoenix jobs types
228,jobs types cm phoenix
229,jobs types phoenix cm
230,jobs cm types phoenix
231,jobs cm phoenix types
232,jobs phoenix types cm
233,jobs phoenix cm types
234,phoenix types cm jobs
235,phoenix types jobs cm
236,phoenix cm types jobs
237,phoenix cm jobs types
238,phoenix jobs types cm
239,phoenix jobs cm types
240,types ce jobs phoenix
241,types ce phoenix jobs
242,types jobs ce phoenix
243,types jobs phoenix ce
244,types phoenix ce jobs
245,types phoenix jobs ce
246,ce types jobs phoenix
247,ce types phoenix jobs
248,ce jobs types phoenix
249,ce jobs phoenix types
250,ce phoenix types jobs
251,ce phoenix jobs types
252,jobs types ce phoenix
253,jobs types phoenix ce
254,jobs ce types phoenix
255,jobs ce phoenix types
256,jobs phoenix types ce
257,jobs phoenix ce types
258,phoenix types ce jobs
259,phoenix types jobs ce
260,phoenix ce types jobs
261,phoenix ce jobs types
262,phoenix jobs types ce
263,phoenix jobs ce types
264,job instruction page phoenix
265,job instruction phoenix page
266,job page instruction phoenix
267,job page phoenix instruction
268,job phoenix instruction page
269,job phoenix page instruction
270,instruction job page phoenix
271,instruction job phoenix page
272,instruction page job phoenix
273,instruction page phoenix job
274,instruction phoenix job page
275,instruction phoenix page job
276,page job instruction phoenix
277,page job phoenix instruction
278,page instruction job phoenix
279,page instruction phoenix job
280,page phoenix job instruction
281,page phoenix instruction job
282,phoenix job instruction page
283,phoenix job page instruction
284,phoenix instruction job page
285,phoenix instruction page job
286,phoenix page job instruction
287,phoenix page instruction job
288,inspection info flows phoenix
289,inspection info phoenix flows
290,inspection flows info phoenix
291,inspection flows phoenix info
292,inspection phoenix info flows
293,inspection phoenix flows info
294,info inspection flows phoenix
295,info inspection phoenix flows
296,info flows inspection phoenix
297,info flows phoenix inspection
298,info phoenix inspection flows
299,info phoenix flows inspection
300,flows inspection info phoenix
301,flows inspection phoenix info
302,flows info inspection phoenix
303,flows info phoenix inspection
304,flows phoenix inspection info
305,flows phoenix info inspection
306,phoenix inspection info flows
307,phoenix inspection flows info
308,phoenix info inspection flows
309,phoenix info flows inspection
310,phoenix flows inspection info
311,phoenix flows info inspection
312,update deposit invoice phoenix
313,update deposit phoenix invoice
314,update invoice deposit phoenix
315,update invoice phoenix deposit
316,update phoenix deposit invoice
317,update phoenix invoice deposit
318,deposit update invoice phoenix
319,deposit update phoenix invoice
320,deposit invoice update phoenix
321,deposit invoice phoenix update
322,deposit phoenix update invoice
323,deposit phoenix invoice update
324,invoice update deposit phoenix
325,invoice update phoenix deposit
326,invoice deposit update phoenix
327,invoice deposit phoenix update
328,invoice phoenix update deposit
329,invoice phoenix deposit update
330,phoenix update deposit invoice
331,phoenix update invoice deposit
332,phoenix deposit update invoice
333,phoenix deposit invoice update
334,phoenix invoice update deposit
335,phoenix invoice deposit update
336,significance integrating messages phoenix
337,significance integrating phoenix messages
338,significance messages integrating phoenix
339,significance messages phoenix integrating
340,significance phoenix integrating messages
341,significance phoenix messages integrating
342,integrating significance messages phoenix
343,integrating significance phoenix messages
344,integrating messages significance phoenix
345,integrating messages phoenix significance
346,integrating phoenix significance messages
347,integrating phoenix messages significance
348,messages significance integrating phoenix
349,messages significance phoenix integrating
350,messages integrating significance phoenix
351,messages integrating phoenix significance
352,messages phoenix significance integrating
353,messages phoenix integrating significance
354,phoenix significance integrating messages
355,phoenix significance messages integrating
356,phoenix integrating significance messages
357,phoenix integrating messages significance
358,phoenix messages significance integrating
359,phoenix messages integrating significance
360,jobs epf present phoenix
361,jobs epf phoenix present
362,jobs present epf phoenix
363,jobs present phoenix epf
364,jobs phoenix epf present
365,jobs phoenix present epf
366,epf jobs present phoenix
367,epf jobs phoenix present
368,epf present jobs phoenix
369,epf present phoenix jobs
370,epf phoenix jobs present
371,epf phoenix present jobs
372,present jobs epf phoenix
373,present jobs phoenix epf
374,present epf jobs phoenix
375,present epf phoenix jobs
376,present phoenix jobs epf
377,present phoenix epf jobs
378,phoenix jobs epf present
379,phoenix jobs present epf
380,phoenix epf jobs present
381,phoenix epf present jobs
382,phoenix present jobs epf
383,phoenix present epf jobs
0,retail data system
1,retail system data
2,data retail system
3,data system retail
4,system retail data
5,system data retail
6,package registration system
7,package system registration
8,registration package system
9,registration system package
10,system package registration
11,system registration package
12,interlink application service
13,interlink service application
14,application interlink service
15,application service interlink
16,service interlink application
17,service application interlink
18,intertek laboratory system
19,intertek system laboratory
20,laboratory intertek system
21,laboratory system intertek
22,system intertek laboratory
23,system laboratory intertek
24,codeline jobs phoenix
25,codeline phoenix jobs
26,jobs codeline phoenix
27,jobs phoenix codeline
28,phoenix codeline jobs
29,phoenix jobs codeline
30,codeline jobs phoenix
31,codeline phoenix jobs
32,jobs codeline phoenix
33,jobs phoenix codeline
34,phoenix codeline jobs
35,phoenix jobs codeline
36,use epf phoenix
37,use phoenix epf
38,epf use phoenix
39,epf phoenix use
40,phoenix use epf
41,phoenix epf use
42,role isf phoenix
43,role phoenix isf
44,isf role phoenix
45,isf phoenix role
46,phoenix role isf
47,phoenix isf role
48,technology phoenix works
49,technology works phoenix
50,phoenix technology works
51,phoenix works technology
52,works technology phoenix
53,works phoenix technology
54,types status phoenix
55,types phoenix status
56,status types phoenix
57,status phoenix types
58,phoenix types status
59,phoenix status types
60,types status phoenix
61,types phoenix status
62,status types phoenix
63,status phoenix types
64,phoenix types status
65,phoenix status types
66,deposit invoice phoenix
67,deposit phoenix invoice
68,invoice deposit phoenix
69,invoice phoenix deposit
70,phoenix deposit invoice
71,phoenix invoice deposit
72,consolidated invoice phoenix
73,consolidated phoenix invoice
74,invoice consolidated phoenix
75,invoice phoenix consolidated
76,phoenix consolidated invoice
77,phoenix invoice consolidated
78,recurring invoice phoenix
79,recurring phoenix invoice
80,invoice recurring phoenix
81,invoice phoenix recurring
82,phoenix recurring invoice
83,phoenix invoice recurring
0,['redipoint']
1,['prs']
2,['tat']
3,['interlink']
4,['iid']
5,['rds']
6,['ils']
7,['ias']
8,['ihse']
9,['chemsafe']
10,['cwp']
11,['sharepoint']
12,['qhse']
13,['applecolor']
14,['phoenix']
15,['phoenix']
16,['gin']
17,['hi']
18,['hello']
0,intertek id
1,id intertek
2,apple color
3,color apple
4,bp star
5,star bp
6,your name
7,name your
8,your name
9,name your
10,intertek buddy
11,buddy intertek
12,intertek buddy
13,buddy intertek
0,many servers allocated phoenix application
1,many servers allocated application phoenix
2,many servers phoenix allocated application
3,many servers phoenix application allocated
4,many servers application allocated phoenix
5,many servers application phoenix allocated
6,many allocated servers phoenix application
7,many allocated servers application phoenix
8,many allocated phoenix servers application
9,many allocated phoenix application servers
10,many allocated application servers phoenix
11,many allocated application phoenix servers
12,many phoenix servers allocated application
13,many phoenix servers application allocated
14,many phoenix allocated servers application
15,many phoenix allocated application servers
16,many phoenix application servers allocated
17,many phoenix application allocated servers
18,many application servers allocated phoenix
19,many application servers phoenix allocated
20,many application allocated servers phoenix
21,many application allocated phoenix servers
22,many application phoenix servers allocated
23,many application phoenix allocated servers
24,servers many allocated phoenix application
25,servers many allocated application phoenix
26,servers many phoenix allocated application
27,servers many phoenix application allocated
28,servers many application allocated phoenix
29,servers many application phoenix allocated
30,servers allocated many phoenix application
31,servers allocated many application phoenix
32,servers allocated phoenix many application
33,servers allocated phoenix application many
34,servers allocated application many phoenix
35,servers allocated application phoenix many
36,servers phoenix many allocated application
37,servers phoenix many application allocated
38,servers phoenix allocated many application
39,servers phoenix allocated application many
40,servers phoenix application many allocated
41,servers phoenix application allocated many
42,servers application many allocated phoenix
43,servers application many phoenix allocated
44,servers application allocated many phoenix
45,servers application allocated phoenix many
46,servers application phoenix many allocated
47,servers application phoenix allocated many
48,allocated many servers phoenix application
49,allocated many servers application phoenix
50,allocated many phoenix servers application
51,allocated many phoenix application servers
52,allocated many application servers phoenix
53,allocated many application phoenix servers
54,allocated servers many phoenix application
55,allocated servers many application phoenix
56,allocated servers phoenix many application
57,allocated servers phoenix application many
58,allocated servers application many phoenix
59,allocated servers application phoenix many
60,allocated phoenix many servers application
61,allocated phoenix many application servers
62,allocated phoenix servers many application
63,allocated phoenix servers application many
64,allocated phoenix application many servers
65,allocated phoenix application servers many
66,allocated application many servers phoenix
67,allocated application many phoenix servers
68,allocated application servers many phoenix
69,allocated application servers phoenix many
70,allocated application phoenix many servers
71,allocated application phoenix servers many
72,phoenix many servers allocated application
73,phoenix many servers application allocated
74,phoenix many allocated servers application
75,phoenix many allocated application servers
76,phoenix many application servers allocated
77,phoenix many application allocated servers
78,phoenix servers many allocated application
79,phoenix servers many application allocated
80,phoenix servers allocated many application
81,phoenix servers allocated application many
82,phoenix servers application many allocated
83,phoenix servers application allocated many
84,phoenix allocated many servers application
85,phoenix allocated many application servers
86,phoenix allocated servers many application
87,phoenix allocated servers application many
88,phoenix allocated application many servers
89,phoenix allocated application servers many
90,phoenix application many servers allocated
91,phoenix application many allocated servers
92,phoenix application servers many allocated
93,phoenix application servers allocated many
94,phoenix application allocated many servers
95,phoenix application allocated servers many
96,application many servers allocated phoenix
97,application many servers phoenix allocated
98,application many allocated servers phoenix
99,application many allocated phoenix servers
100,application many phoenix servers allocated
101,application many phoenix allocated servers
102,application servers many allocated phoenix
103,application servers many phoenix allocated
104,application servers allocated many phoenix
105,application servers allocated phoenix many
106,application servers phoenix many allocated
107,application servers phoenix allocated many
108,application allocated many servers phoenix
109,application allocated many phoenix servers
110,application allocated servers many phoenix
111,application allocated servers phoenix many
112,application allocated phoenix many servers
113,application allocated phoenix servers many
114,application phoenix many servers allocated
115,application phoenix many allocated servers
116,application phoenix servers many allocated
117,application phoenix servers allocated many
118,application phoenix allocated many servers
119,application phoenix allocated servers many
120,can customer more contract/contact phoenix
121,can customer more phoenix contract/contact
122,can customer contract/contact more phoenix
123,can customer contract/contact phoenix more
124,can customer phoenix more contract/contact
125,can customer phoenix contract/contact more
126,can more customer contract/contact phoenix
127,can more customer phoenix contract/contact
128,can more contract/contact customer phoenix
129,can more contract/contact phoenix customer
130,can more phoenix customer contract/contact
131,can more phoenix contract/contact customer
132,can contract/contact customer more phoenix
133,can contract/contact customer phoenix more
134,can contract/contact more customer phoenix
135,can contract/contact more phoenix customer
136,can contract/contact phoenix customer more
137,can contract/contact phoenix more customer
138,can phoenix customer more contract/contact
139,can phoenix customer contract/contact more
140,can phoenix more customer contract/contact
141,can phoenix more contract/contact customer
142,can phoenix contract/contact customer more
143,can phoenix contract/contact more customer
144,customer can more contract/contact phoenix
145,customer can more phoenix contract/contact
146,customer can contract/contact more phoenix
147,customer can contract/contact phoenix more
148,customer can phoenix more contract/contact
149,customer can phoenix contract/contact more
150,customer more can contract/contact phoenix
151,customer more can phoenix contract/contact
152,customer more contract/contact can phoenix
153,customer more contract/contact phoenix can
154,customer more phoenix can contract/contact
155,customer more phoenix contract/contact can
156,customer contract/contact can more phoenix
157,customer contract/contact can phoenix more
158,customer contract/contact more can phoenix
159,customer contract/contact more phoenix can
160,customer contract/contact phoenix can more
161,customer contract/contact phoenix more can
162,customer phoenix can more contract/contact
163,customer phoenix can contract/contact more
164,customer phoenix more can contract/contact
165,customer phoenix more contract/contact can
166,customer phoenix contract/contact can more
167,customer phoenix contract/contact more can
168,more can customer contract/contact phoenix
169,more can customer phoenix contract/contact
170,more can contract/contact customer phoenix
171,more can contract/contact phoenix customer
172,more can phoenix customer contract/contact
173,more can phoenix contract/contact customer
174,more customer can contract/contact phoenix
175,more customer can phoenix contract/contact
176,more customer contract/contact can phoenix
177,more customer contract/contact phoenix can
178,more customer phoenix can contract/contact
179,more customer phoenix contract/contact can
180,more contract/contact can customer phoenix
181,more contract/contact can phoenix customer
182,more contract/contact customer can phoenix
183,more contract/contact customer phoenix can
184,more contract/contact phoenix can customer
185,more contract/contact phoenix customer can
186,more phoenix can customer contract/contact
187,more phoenix can contract/contact customer
188,more phoenix customer can contract/contact
189,more phoenix customer contract/contact can
190,more phoenix contract/contact can customer
191,more phoenix contract/contact customer can
192,contract/contact can customer more phoenix
193,contract/contact can customer phoenix more
194,contract/contact can more customer phoenix
195,contract/contact can more phoenix customer
196,contract/contact can phoenix customer more
197,contract/contact can phoenix more customer
198,contract/contact customer can more phoenix
199,contract/contact customer can phoenix more
200,contract/contact customer more can phoenix
201,contract/contact customer more phoenix can
202,contract/contact customer phoenix can more
203,contract/contact customer phoenix more can
204,contract/contact more can customer phoenix
205,contract/contact more can phoenix customer
206,contract/contact more customer can phoenix
207,contract/contact more customer phoenix can
208,contract/contact more phoenix can customer
209,contract/contact more phoenix customer can
210,contract/contact phoenix can customer more
211,contract/contact phoenix can more customer
212,contract/contact phoenix customer can more
213,contract/contact phoenix customer more can
214,contract/contact phoenix more can customer
215,contract/contact phoenix more customer can
216,phoenix can customer more contract/contact
217,phoenix can customer contract/contact more
218,phoenix can more customer contract/contact
219,phoenix can more contract/contact customer
220,phoenix can contract/contact customer more
221,phoenix can contract/contact more customer
222,phoenix customer can more contract/contact
223,phoenix customer can contract/contact more
224,phoenix customer more can contract/contact
225,phoenix customer more contract/contact can
226,phoenix customer contract/contact can more
227,phoenix customer contract/contact more can
228,phoenix more can customer contract/contact
229,phoenix more can contract/contact customer
230,phoenix more customer can contract/contact
231,phoenix more customer contract/contact can
232,phoenix more contract/contact can customer
233,phoenix more contract/contact customer can
234,phoenix contract/contact can customer more
235,phoenix contract/contact can more customer
236,phoenix contract/contact customer can more
237,phoenix contract/contact customer more can
238,phoenix contract/contact more can customer
239,phoenix contract/contact more customer can
240,name table associated customers phoenix
241,name table associated phoenix customers
242,name table customers associated phoenix
243,name table customers phoenix associated
244,name table phoenix associated customers
245,name table phoenix customers associated
246,name associated table customers phoenix
247,name associated table phoenix customers
248,name associated customers table phoenix
249,name associated customers phoenix table
250,name associated phoenix table customers
251,name associated phoenix customers table
252,name customers table associated phoenix
253,name customers table phoenix associated
254,name customers associated table phoenix
255,name customers associated phoenix table
256,name customers phoenix table associated
257,name customers phoenix associated table
258,name phoenix table associated customers
259,name phoenix table customers associated
260,name phoenix associated table customers
261,name phoenix associated customers table
262,name phoenix customers table associated
263,name phoenix customers associated table
264,table name associated customers phoenix
265,table name associated phoenix customers
266,table name customers associated phoenix
267,table name customers phoenix associated
268,table name phoenix associated customers
269,table name phoenix customers associated
270,table associated name customers phoenix
271,table associated name phoenix customers
272,table associated customers name phoenix
273,table associated customers phoenix name
274,table associated phoenix name customers
275,table associated phoenix customers name
276,table customers name associated phoenix
277,table customers name phoenix associated
278,table customers associated name phoenix
279,table customers associated phoenix name
280,table customers phoenix name associated
281,table customers phoenix associated name
282,table phoenix name associated customers
283,table phoenix name customers associated
284,table phoenix associated name customers
285,table phoenix associated customers name
286,table phoenix customers name associated
287,table phoenix customers associated name
288,associated name table customers phoenix
289,associated name table phoenix customers
290,associated name customers table phoenix
291,associated name customers phoenix table
292,associated name phoenix table customers
293,associated name phoenix customers table
294,associated table name customers phoenix
295,associated table name phoenix customers
296,associated table customers name phoenix
297,associated table customers phoenix name
298,associated table phoenix name customers
299,associated table phoenix customers name
300,associated customers name table phoenix
301,associated customers name phoenix table
302,associated customers table name phoenix
303,associated customers table phoenix name
304,associated customers phoenix name table
305,associated customers phoenix table name
306,associated phoenix name table customers
307,associated phoenix name customers table
308,associated phoenix table name customers
309,associated phoenix table customers name
310,associated phoenix customers name table
311,associated phoenix customers table name
312,customers name table associated phoenix
313,customers name table phoenix associated
314,customers name associated table phoenix
315,customers name associated phoenix table
316,customers name phoenix table associated
317,customers name phoenix associated table
318,customers table name associated phoenix
319,customers table name phoenix associated
320,customers table associated name phoenix
321,customers table associated phoenix name
322,customers table phoenix name associated
323,customers table phoenix associated name
324,customers associated name table phoenix
325,customers associated name phoenix table
326,customers associated table name phoenix
327,customers associated table phoenix name
328,customers associated phoenix name table
329,customers associated phoenix table name
330,customers phoenix name table associated
331,customers phoenix name associated table
332,customers phoenix table name associated
333,customers phoenix table associated name
334,customers phoenix associated name table
335,customers phoenix associated table name
336,phoenix name table associated customers
337,phoenix name table customers associated
338,phoenix name associated table customers
339,phoenix name associated customers table
340,phoenix name customers table associated
341,phoenix name customers associated table
342,phoenix table name associated customers
343,phoenix table name customers associated
344,phoenix table associated name customers
345,phoenix table associated customers name
346,phoenix table customers name associated
347,phoenix table customers associated name
348,phoenix associated name table customers
349,phoenix associated name customers table
350,phoenix associated table name customers
351,phoenix associated table customers name
352,phoenix associated customers name table
353,phoenix associated customers table name
354,phoenix customers name table associated
355,phoenix customers name associated table
356,phoenix customers table name associated
357,phoenix customers table associated name
358,phoenix customers associated name table
359,phoenix customers associated table name
360,name table associated customers phoenix
361,name table associated phoenix customers
362,name table customers associated phoenix
363,name table customers phoenix associated
364,name table phoenix associated customers
365,name table phoenix customers associated
366,name associated table customers phoenix
367,name associated table phoenix customers
368,name associated customers table phoenix
369,name associated customers phoenix table
370,name associated phoenix table customers
371,name associated phoenix customers table
372,name customers table associated phoenix
373,name customers table phoenix associated
374,name customers associated table phoenix
375,name customers associated phoenix table
376,name customers phoenix table associated
377,name customers phoenix associated table
378,name phoenix table associated customers
379,name phoenix table customers associated
380,name phoenix associated table customers
381,name phoenix associated customers table
382,name phoenix customers table associated
383,name phoenix customers associated table
384,table name associated customers phoenix
385,table name associated phoenix customers
386,table name customers associated phoenix
387,table name customers phoenix associated
388,table name phoenix associated customers
389,table name phoenix customers associated
390,table associated name customers phoenix
391,table associated name phoenix customers
392,table associated customers name phoenix
393,table associated customers phoenix name
394,table associated phoenix name customers
395,table associated phoenix customers name
396,table customers name associated phoenix
397,table customers name phoenix associated
398,table customers associated name phoenix
399,table customers associated phoenix name
400,table customers phoenix name associated
401,table customers phoenix associated name
402,table phoenix name associated customers
403,table phoenix name customers associated
404,table phoenix associated name customers
405,table phoenix associated customers name
406,table phoenix customers name associated
407,table phoenix customers associated name
408,associated name table customers phoenix
409,associated name table phoenix customers
410,associated name customers table phoenix
411,associated name customers phoenix table
412,associated name phoenix table customers
413,associated name phoenix customers table
414,associated table name customers phoenix
415,associated table name phoenix customers
416,associated table customers name phoenix
417,associated table customers phoenix name
418,associated table phoenix name customers
419,associated table phoenix customers name
420,associated customers name table phoenix
421,associated customers name phoenix table
422,associated customers table name phoenix
423,associated customers table phoenix name
424,associated customers phoenix name table
425,associated customers phoenix table name
426,associated phoenix name table customers
427,associated phoenix name customers table
428,associated phoenix table name customers
429,associated phoenix table customers name
430,associated phoenix customers name table
431,associated phoenix customers table name
432,customers name table associated phoenix
433,customers name table phoenix associated
434,customers name associated table phoenix
435,customers name associated phoenix table
436,customers name phoenix table associated
437,customers name phoenix associated table
438,customers table name associated phoenix
439,customers table name phoenix associated
440,customers table associated name phoenix
441,customers table associated phoenix name
442,customers table phoenix name associated
443,customers table phoenix associated name
444,customers associated name table phoenix
445,customers associated name phoenix table
446,customers associated table name phoenix
447,customers associated table phoenix name
448,customers associated phoenix name table
449,customers associated phoenix table name
450,customers phoenix name table associated
451,customers phoenix name associated table
452,customers phoenix table name associated
453,customers phoenix table associated name
454,customers phoenix associated name table
455,customers phoenix associated table name
456,phoenix name table associated customers
457,phoenix name table customers associated
458,phoenix name associated table customers
459,phoenix name associated customers table
460,phoenix name customers table associated
461,phoenix name customers associated table
462,phoenix table name associated customers
463,phoenix table name customers associated
464,phoenix table associated name customers
465,phoenix table associated customers name
466,phoenix table customers name associated
467,phoenix table customers associated name
468,phoenix associated name table customers
469,phoenix associated name customers table
470,phoenix associated table name customers
471,phoenix associated table customers name
472,phoenix associated customers name table
473,phoenix associated customers table name
474,phoenix customers name table associated
475,phoenix customers name associated table
476,phoenix customers table name associated
477,phoenix customers table associated name
478,phoenix customers associated name table
479,phoenix customers associated table name
480,business unit entry pagein phoenix
481,business unit entry phoenix pagein
482,business unit pagein entry phoenix
483,business unit pagein phoenix entry
484,business unit phoenix entry pagein
485,business unit phoenix pagein entry
486,business entry unit pagein phoenix
487,business entry unit phoenix pagein
488,business entry pagein unit phoenix
489,business entry pagein phoenix unit
490,business entry phoenix unit pagein
491,business entry phoenix pagein unit
492,business pagein unit entry phoenix
493,business pagein unit phoenix entry
494,business pagein entry unit phoenix
495,business pagein entry phoenix unit
496,business pagein phoenix unit entry
497,business pagein phoenix entry unit
498,business phoenix unit entry pagein
499,business phoenix unit pagein entry
500,business phoenix entry unit pagein
501,business phoenix entry pagein unit
502,business phoenix pagein unit entry
503,business phoenix pagein entry unit
504,unit business entry pagein phoenix
505,unit business entry phoenix pagein
506,unit business pagein entry phoenix
507,unit business pagein phoenix entry
508,unit business phoenix entry pagein
509,unit business phoenix pagein entry
510,unit entry business pagein phoenix
511,unit entry business phoenix pagein
512,unit entry pagein business phoenix
513,unit entry pagein phoenix business
514,unit entry phoenix business pagein
515,unit entry phoenix pagein business
516,unit pagein business entry phoenix
517,unit pagein business phoenix entry
518,unit pagein entry business phoenix
519,unit pagein entry phoenix business
520,unit pagein phoenix business entry
521,unit pagein phoenix entry business
522,unit phoenix business entry pagein
523,unit phoenix business pagein entry
524,unit phoenix entry business pagein
525,unit phoenix entry pagein business
526,unit phoenix pagein business entry
527,unit phoenix pagein entry business
528,entry business unit pagein phoenix
529,entry business unit phoenix pagein
530,entry business pagein unit phoenix
531,entry business pagein phoenix unit
532,entry business phoenix unit pagein
533,entry business phoenix pagein unit
534,entry unit business pagein phoenix
535,entry unit business phoenix pagein
536,entry unit pagein business phoenix
537,entry unit pagein phoenix business
538,entry unit phoenix business pagein
539,entry unit phoenix pagein business
540,entry pagein business unit phoenix
541,entry pagein business phoenix unit
542,entry pagein unit business phoenix
543,entry pagein unit phoenix business
544,entry pagein phoenix business unit
545,entry pagein phoenix unit business
546,entry phoenix business unit pagein
547,entry phoenix business pagein unit
548,entry phoenix unit business pagein
549,entry phoenix unit pagein business
550,entry phoenix pagein business unit
551,entry phoenix pagein unit business
552,pagein business unit entry phoenix
553,pagein business unit phoenix entry
554,pagein business entry unit phoenix
555,pagein business entry phoenix unit
556,pagein business phoenix unit entry
557,pagein business phoenix entry unit
558,pagein unit business entry phoenix
559,pagein unit business phoenix entry
560,pagein unit entry business phoenix
561,pagein unit entry phoenix business
562,pagein unit phoenix business entry
563,pagein unit phoenix entry business
564,pagein entry business unit phoenix
565,pagein entry business phoenix unit
566,pagein entry unit business phoenix
567,pagein entry unit phoenix business
568,pagein entry phoenix business unit
569,pagein entry phoenix unit business
570,pagein phoenix business unit entry
571,pagein phoenix business entry unit
572,pagein phoenix unit business entry
573,pagein phoenix unit entry business
574,pagein phoenix entry business unit
575,pagein phoenix entry unit business
576,phoenix business unit entry pagein
577,phoenix business unit pagein entry
578,phoenix business entry unit pagein
579,phoenix business entry pagein unit
580,phoenix business pagein unit entry
581,phoenix business pagein entry unit
582,phoenix unit business entry pagein
583,phoenix unit business pagein entry
584,phoenix unit entry business pagein
585,phoenix unit entry pagein business
586,phoenix unit pagein business entry
587,phoenix unit pagein entry business
588,phoenix entry business unit pagein
589,phoenix entry business pagein unit
590,phoenix entry unit business pagein
591,phoenix entry unit pagein business
592,phoenix entry pagein business unit
593,phoenix entry pagein unit business
594,phoenix pagein business unit entry
595,phoenix pagein business entry unit
596,phoenix pagein unit business entry
597,phoenix pagein unit entry business
598,phoenix pagein entry business unit
599,phoenix pagein entry unit business
600,can select service location phoenix
601,can select service phoenix location
602,can select location service phoenix
603,can select location phoenix service
604,can select phoenix service location
605,can select phoenix location service
606,can service select location phoenix
607,can service select phoenix location
608,can service location select phoenix
609,can service location phoenix select
610,can service phoenix select location
611,can service phoenix location select
612,can location select service phoenix
613,can location select phoenix service
614,can location service select phoenix
615,can location service phoenix select
616,can location phoenix select service
617,can location phoenix service select
618,can phoenix select service location
619,can phoenix select location service
620,can phoenix service select location
621,can phoenix service location select
622,can phoenix location select service
623,can phoenix location service select
624,select can service location phoenix
625,select can service phoenix location
626,select can location service phoenix
627,select can location phoenix service
628,select can phoenix service location
629,select can phoenix location service
630,select service can location phoenix
631,select service can phoenix location
632,select service location can phoenix
633,select service location phoenix can
634,select service phoenix can location
635,select service phoenix location can
636,select location can service phoenix
637,select location can phoenix service
638,select location service can phoenix
639,select location service phoenix can
640,select location phoenix can service
641,select location phoenix service can
642,select phoenix can service location
643,select phoenix can location service
644,select phoenix service can location
645,select phoenix service location can
646,select phoenix location can service
647,select phoenix location service can
648,service can select location phoenix
649,service can select phoenix location
650,service can location select phoenix
651,service can location phoenix select
652,service can phoenix select location
653,service can phoenix location select
654,service select can location phoenix
655,service select can phoenix location
656,service select location can phoenix
657,service select location phoenix can
658,service select phoenix can location
659,service select phoenix location can
660,service location can select phoenix
661,service location can phoenix select
662,service location select can phoenix
663,service location select phoenix can
664,service location phoenix can select
665,service location phoenix select can
666,service phoenix can select location
667,service phoenix can location select
668,service phoenix select can location
669,service phoenix select location can
670,service phoenix location can select
671,service phoenix location select can
672,location can select service phoenix
673,location can select phoenix service
674,location can service select phoenix
675,location can service phoenix select
676,location can phoenix select service
677,location can phoenix service select
678,location select can service phoenix
679,location select can phoenix service
680,location select service can phoenix
681,location select service phoenix can
682,location select phoenix can service
683,location select phoenix service can
684,location service can select phoenix
685,location service can phoenix select
686,location service select can phoenix
687,location service select phoenix can
688,location service phoenix can select
689,location service phoenix select can
690,location phoenix can select service
691,location phoenix can service select
692,location phoenix select can service
693,location phoenix select service can
694,location phoenix service can select
695,location phoenix service select can
696,phoenix can select service location
697,phoenix can select location service
698,phoenix can service select location
699,phoenix can service location select
700,phoenix can location select service
701,phoenix can location service select
702,phoenix select can service location
703,phoenix select can location service
704,phoenix select service can location
705,phoenix select service location can
706,phoenix select location can service
707,phoenix select location service can
708,phoenix service can select location
709,phoenix service can location select
710,phoenix service select can location
711,phoenix service select location can
712,phoenix service location can select
713,phoenix service location select can
714,phoenix location can select service
715,phoenix location can service select
716,phoenix location select can service
717,phoenix location select service can
718,phoenix location service can select
719,phoenix location service select can
720,information present customers field phoenix
721,information present customers phoenix field
722,information present field customers phoenix
723,information present field phoenix customers
724,information present phoenix customers field
725,information present phoenix field customers
726,information customers present field phoenix
727,information customers present phoenix field
728,information customers field present phoenix
729,information customers field phoenix present
730,information customers phoenix present field
731,information customers phoenix field present
732,information field present customers phoenix
733,information field present phoenix customers
734,information field customers present phoenix
735,information field customers phoenix present
736,information field phoenix present customers
737,information field phoenix customers present
738,information phoenix present customers field
739,information phoenix present field customers
740,information phoenix customers present field
741,information phoenix customers field present
742,information phoenix field present customers
743,information phoenix field customers present
744,present information customers field phoenix
745,present information customers phoenix field
746,present information field customers phoenix
747,present information field phoenix customers
748,present information phoenix customers field
749,present information phoenix field customers
750,present customers information field phoenix
751,present customers information phoenix field
752,present customers field information phoenix
753,present customers field phoenix information
754,present customers phoenix information field
755,present customers phoenix field information
756,present field information customers phoenix
757,present field information phoenix customers
758,present field customers information phoenix
759,present field customers phoenix information
760,present field phoenix information customers
761,present field phoenix customers information
762,present phoenix information customers field
763,present phoenix information field customers
764,present phoenix customers information field
765,present phoenix customers field information
766,present phoenix field information customers
767,present phoenix field customers information
768,customers information present field phoenix
769,customers information present phoenix field
770,customers information field present phoenix
771,customers information field phoenix present
772,customers information phoenix present field
773,customers information phoenix field present
774,customers present information field phoenix
775,customers present information phoenix field
776,customers present field information phoenix
777,customers present field phoenix information
778,customers present phoenix information field
779,customers present phoenix field information
780,customers field information present phoenix
781,customers field information phoenix present
782,customers field present information phoenix
783,customers field present phoenix information
784,customers field phoenix information present
785,customers field phoenix present information
786,customers phoenix information present field
787,customers phoenix information field present
788,customers phoenix present information field
789,customers phoenix present field information
790,customers phoenix field information present
791,customers phoenix field present information
792,field information present customers phoenix
793,field information present phoenix customers
794,field information customers present phoenix
795,field information customers phoenix present
796,field information phoenix present customers
797,field information phoenix customers present
798,field present information customers phoenix
799,field present information phoenix customers
800,field present customers information phoenix
801,field present customers phoenix information
802,field present phoenix information customers
803,field present phoenix customers information
804,field customers information present phoenix
805,field customers information phoenix present
806,field customers present information phoenix
807,field customers present phoenix information
808,field customers phoenix information present
809,field customers phoenix present information
810,field phoenix information present customers
811,field phoenix information customers present
812,field phoenix present information customers
813,field phoenix present customers information
814,field phoenix customers information present
815,field phoenix customers present information
816,phoenix information present customers field
817,phoenix information present field customers
818,phoenix information customers present field
819,phoenix information customers field present
820,phoenix information field present customers
821,phoenix information field customers present
822,phoenix present information customers field
823,phoenix present information field customers
824,phoenix present customers information field
825,phoenix present customers field information
826,phoenix present field information customers
827,phoenix present field customers information
828,phoenix customers information present field
829,phoenix customers information field present
830,phoenix customers present information field
831,phoenix customers present field information
832,phoenix customers field information present
833,phoenix customers field present information
834,phoenix field information present customers
835,phoenix field information customers present
836,phoenix field present information customers
837,phoenix field present customers information
838,phoenix field customers information present
839,phoenix field customers present information
840,remit field ji page phoenix
841,remit field ji phoenix page
842,remit field page ji phoenix
843,remit field page phoenix ji
844,remit field phoenix ji page
845,remit field phoenix page ji
846,remit ji field page phoenix
847,remit ji field phoenix page
848,remit ji page field phoenix
849,remit ji page phoenix field
850,remit ji phoenix field page
851,remit ji phoenix page field
852,remit page field ji phoenix
853,remit page field phoenix ji
854,remit page ji field phoenix
855,remit page ji phoenix field
856,remit page phoenix field ji
857,remit page phoenix ji field
858,remit phoenix field ji page
859,remit phoenix field page ji
860,remit phoenix ji field page
861,remit phoenix ji page field
862,remit phoenix page field ji
863,remit phoenix page ji field
864,field remit ji page phoenix
865,field remit ji phoenix page
866,field remit page ji phoenix
867,field remit page phoenix ji
868,field remit phoenix ji page
869,field remit phoenix page ji
870,field ji remit page phoenix
871,field ji remit phoenix page
872,field ji page remit phoenix
873,field ji page phoenix remit
874,field ji phoenix remit page
875,field ji phoenix page remit
876,field page remit ji phoenix
877,field page remit phoenix ji
878,field page ji remit phoenix
879,field page ji phoenix remit
880,field page phoenix remit ji
881,field page phoenix ji remit
882,field phoenix remit ji page
883,field phoenix remit page ji
884,field phoenix ji remit page
885,field phoenix ji page remit
886,field phoenix page remit ji
887,field phoenix page ji remit
888,ji remit field page phoenix
889,ji remit field phoenix page
890,ji remit page field phoenix
891,ji remit page phoenix field
892,ji remit phoenix field page
893,ji remit phoenix page field
894,ji field remit page phoenix
895,ji field remit phoenix page
896,ji field page remit phoenix
897,ji field page phoenix remit
898,ji field phoenix remit page
899,ji field phoenix page remit
900,ji page remit field phoenix
901,ji page remit phoenix field
902,ji page field remit phoenix
903,ji page field phoenix remit
904,ji page phoenix remit field
905,ji page phoenix field remit
906,ji phoenix remit field page
907,ji phoenix remit page field
908,ji phoenix field remit page
909,ji phoenix field page remit
910,ji phoenix page remit field
911,ji phoenix page field remit
912,page remit field ji phoenix
913,page remit field phoenix ji
914,page remit ji field phoenix
915,page remit ji phoenix field
916,page remit phoenix field ji
917,page remit phoenix ji field
918,page field remit ji phoenix
919,page field remit phoenix ji
920,page field ji remit phoenix
921,page field ji phoenix remit
922,page field phoenix remit ji
923,page field phoenix ji remit
924,page ji remit field phoenix
925,page ji remit phoenix field
926,page ji field remit phoenix
927,page ji field phoenix remit
928,page ji phoenix remit field
929,page ji phoenix field remit
930,page phoenix remit field ji
931,page phoenix remit ji field
932,page phoenix field remit ji
933,page phoenix field ji remit
934,page phoenix ji remit field
935,page phoenix ji field remit
936,phoenix remit field ji page
937,phoenix remit field page ji
938,phoenix remit ji field page
939,phoenix remit ji page field
940,phoenix remit page field ji
941,phoenix remit page ji field
942,phoenix field remit ji page
943,phoenix field remit page ji
944,phoenix field ji remit page
945,phoenix field ji page remit
946,phoenix field page remit ji
947,phoenix field page ji remit
948,phoenix ji remit field page
949,phoenix ji remit page field
950,phoenix ji field remit page
951,phoenix ji field page remit
952,phoenix ji page remit field
953,phoenix ji page field remit
954,phoenix page remit field ji
955,phoenix page remit ji field
956,phoenix page field remit ji
957,phoenix page field ji remit
958,phoenix page ji remit field
959,phoenix page ji field remit
960,inspection tab reconcile page phoenix
961,inspection tab reconcile phoenix page
962,inspection tab page reconcile phoenix
963,inspection tab page phoenix reconcile
964,inspection tab phoenix reconcile page
965,inspection tab phoenix page reconcile
966,inspection reconcile tab page phoenix
967,inspection reconcile tab phoenix page
968,inspection reconcile page tab phoenix
969,inspection reconcile page phoenix tab
970,inspection reconcile phoenix tab page
971,inspection reconcile phoenix page tab
972,inspection page tab reconcile phoenix
973,inspection page tab phoenix reconcile
974,inspection page reconcile tab phoenix
975,inspection page reconcile phoenix tab
976,inspection page phoenix tab reconcile
977,inspection page phoenix reconcile tab
978,inspection phoenix tab reconcile page
979,inspection phoenix tab page reconcile
980,inspection phoenix reconcile tab page
981,inspection phoenix reconcile page tab
982,inspection phoenix page tab reconcile
983,inspection phoenix page reconcile tab
984,tab inspection reconcile page phoenix
985,tab inspection reconcile phoenix page
986,tab inspection page reconcile phoenix
987,tab inspection page phoenix reconcile
988,tab inspection phoenix reconcile page
989,tab inspection phoenix page reconcile
990,tab reconcile inspection page phoenix
991,tab reconcile inspection phoenix page
992,tab reconcile page inspection phoenix
993,tab reconcile page phoenix inspection
994,tab reconcile phoenix inspection page
995,tab reconcile phoenix page inspection
996,tab page inspection reconcile phoenix
997,tab page inspection phoenix reconcile
998,tab page reconcile inspection phoenix
999,tab page reconcile phoenix inspection
1000,tab page phoenix inspection reconcile
1001,tab page phoenix reconcile inspection
1002,tab phoenix inspection reconcile page
1003,tab phoenix inspection page reconcile
1004,tab phoenix reconcile inspection page
1005,tab phoenix reconcile page inspection
1006,tab phoenix page inspection reconcile
1007,tab phoenix page reconcile inspection
1008,reconcile inspection tab page phoenix
1009,reconcile inspection tab phoenix page
1010,reconcile inspection page tab phoenix
1011,reconcile inspection page phoenix tab
1012,reconcile inspection phoenix tab page
1013,reconcile inspection phoenix page tab
1014,reconcile tab inspection page phoenix
1015,reconcile tab inspection phoenix page
1016,reconcile tab page inspection phoenix
1017,reconcile tab page phoenix inspection
1018,reconcile tab phoenix inspection page
1019,reconcile tab phoenix page inspection
1020,reconcile page inspection tab phoenix
1021,reconcile page inspection phoenix tab
1022,reconcile page tab inspection phoenix
1023,reconcile page tab phoenix inspection
1024,reconcile page phoenix inspection tab
1025,reconcile page phoenix tab inspection
1026,reconcile phoenix inspection tab page
1027,reconcile phoenix inspection page tab
1028,reconcile phoenix tab inspection page
1029,reconcile phoenix tab page inspection
1030,reconcile phoenix page inspection tab
1031,reconcile phoenix page tab inspection
1032,page inspection tab reconcile phoenix
1033,page inspection tab phoenix reconcile
1034,page inspection reconcile tab phoenix
1035,page inspection reconcile phoenix tab
1036,page inspection phoenix tab reconcile
1037,page inspection phoenix reconcile tab
1038,page tab inspection reconcile phoenix
1039,page tab inspection phoenix reconcile
1040,page tab reconcile inspection phoenix
1041,page tab reconcile phoenix inspection
1042,page tab phoenix inspection reconcile
1043,page tab phoenix reconcile inspection
1044,page reconcile inspection tab phoenix
1045,page reconcile inspection phoenix tab
1046,page reconcile tab inspection phoenix
1047,page reconcile tab phoenix inspection
1048,page reconcile phoenix inspection tab
1049,page reconcile phoenix tab inspection
1050,page phoenix inspection tab reconcile
1051,page phoenix inspection reconcile tab
1052,page phoenix tab inspection reconcile
1053,page phoenix tab reconcile inspection
1054,page phoenix reconcile inspection tab
1055,page phoenix reconcile tab inspection
1056,phoenix inspection tab reconcile page
1057,phoenix inspection tab page reconcile
1058,phoenix inspection reconcile tab page
1059,phoenix inspection reconcile page tab
1060,phoenix inspection page tab reconcile
1061,phoenix inspection page reconcile tab
1062,phoenix tab inspection reconcile page
1063,phoenix tab inspection page reconcile
1064,phoenix tab reconcile inspection page
1065,phoenix tab reconcile page inspection
1066,phoenix tab page inspection reconcile
1067,phoenix tab page reconcile inspection
1068,phoenix reconcile inspection tab page
1069,phoenix reconcile inspection page tab
1070,phoenix reconcile tab inspection page
1071,phoenix reconcile tab page inspection
1072,phoenix reconcile page inspection tab
1073,phoenix reconcile page tab inspection
1074,phoenix page inspection tab reconcile
1075,phoenix page inspection reconcile tab
1076,phoenix page tab inspection reconcile
1077,phoenix page tab reconcile inspection
1078,phoenix page reconcile inspection tab
1079,phoenix page reconcile tab inspection
1080,can update deposit invoice phoenix
1081,can update deposit phoenix invoice
1082,can update invoice deposit phoenix
1083,can update invoice phoenix deposit
1084,can update phoenix deposit invoice
1085,can update phoenix invoice deposit
1086,can deposit update invoice phoenix
1087,can deposit update phoenix invoice
1088,can deposit invoice update phoenix
1089,can deposit invoice phoenix update
1090,can deposit phoenix update invoice
1091,can deposit phoenix invoice update
1092,can invoice update deposit phoenix
1093,can invoice update phoenix deposit
1094,can invoice deposit update phoenix
1095,can invoice deposit phoenix update
1096,can invoice phoenix update deposit
1097,can invoice phoenix deposit update
1098,can phoenix update deposit invoice
1099,can phoenix update invoice deposit
1100,can phoenix deposit update invoice
1101,can phoenix deposit invoice update
1102,can phoenix invoice update deposit
1103,can phoenix invoice deposit update
1104,update can deposit invoice phoenix
1105,update can deposit phoenix invoice
1106,update can invoice deposit phoenix
1107,update can invoice phoenix deposit
1108,update can phoenix deposit invoice
1109,update can phoenix invoice deposit
1110,update deposit can invoice phoenix
1111,update deposit can phoenix invoice
1112,update deposit invoice can phoenix
1113,update deposit invoice phoenix can
1114,update deposit phoenix can invoice
1115,update deposit phoenix invoice can
1116,update invoice can deposit phoenix
1117,update invoice can phoenix deposit
1118,update invoice deposit can phoenix
1119,update invoice deposit phoenix can
1120,update invoice phoenix can deposit
1121,update invoice phoenix deposit can
1122,update phoenix can deposit invoice
1123,update phoenix can invoice deposit
1124,update phoenix deposit can invoice
1125,update phoenix deposit invoice can
1126,update phoenix invoice can deposit
1127,update phoenix invoice deposit can
1128,deposit can update invoice phoenix
1129,deposit can update phoenix invoice
1130,deposit can invoice update phoenix
1131,deposit can invoice phoenix update
1132,deposit can phoenix update invoice
1133,deposit can phoenix invoice update
1134,deposit update can invoice phoenix
1135,deposit update can phoenix invoice
1136,deposit update invoice can phoenix
1137,deposit update invoice phoenix can
1138,deposit update phoenix can invoice
1139,deposit update phoenix invoice can
1140,deposit invoice can update phoenix
1141,deposit invoice can phoenix update
1142,deposit invoice update can phoenix
1143,deposit invoice update phoenix can
1144,deposit invoice phoenix can update
1145,deposit invoice phoenix update can
1146,deposit phoenix can update invoice
1147,deposit phoenix can invoice update
1148,deposit phoenix update can invoice
1149,deposit phoenix update invoice can
1150,deposit phoenix invoice can update
1151,deposit phoenix invoice update can
1152,invoice can update deposit phoenix
1153,invoice can update phoenix deposit
1154,invoice can deposit update phoenix
1155,invoice can deposit phoenix update
1156,invoice can phoenix update deposit
1157,invoice can phoenix deposit update
1158,invoice update can deposit phoenix
1159,invoice update can phoenix deposit
1160,invoice update deposit can phoenix
1161,invoice update deposit phoenix can
1162,invoice update phoenix can deposit
1163,invoice update phoenix deposit can
1164,invoice deposit can update phoenix
1165,invoice deposit can phoenix update
1166,invoice deposit update can phoenix
1167,invoice deposit update phoenix can
1168,invoice deposit phoenix can update
1169,invoice deposit phoenix update can
1170,invoice phoenix can update deposit
1171,invoice phoenix can deposit update
1172,invoice phoenix update can deposit
1173,invoice phoenix update deposit can
1174,invoice phoenix deposit can update
1175,invoice phoenix deposit update can
1176,phoenix can update deposit invoice
1177,phoenix can update invoice deposit
1178,phoenix can deposit update invoice
1179,phoenix can deposit invoice update
1180,phoenix can invoice update deposit
1181,phoenix can invoice deposit update
1182,phoenix update can deposit invoice
1183,phoenix update can invoice deposit
1184,phoenix update deposit can invoice
1185,phoenix update deposit invoice can
1186,phoenix update invoice can deposit
1187,phoenix update invoice deposit can
1188,phoenix deposit can update invoice
1189,phoenix deposit can invoice update
1190,phoenix deposit update can invoice
1191,phoenix deposit update invoice can
1192,phoenix deposit invoice can update
1193,phoenix deposit invoice update can
1194,phoenix invoice can update deposit
1195,phoenix invoice can deposit update
1196,phoenix invoice update can deposit
1197,phoenix invoice update deposit can
1198,phoenix invoice deposit can update
1199,phoenix invoice deposit update can
1200,status isf changed completed phoenix
1201,status isf changed phoenix completed
1202,status isf completed changed phoenix
1203,status isf completed phoenix changed
1204,status isf phoenix changed completed
1205,status isf phoenix completed changed
1206,status changed isf completed phoenix
1207,status changed isf phoenix completed
1208,status changed completed isf phoenix
1209,status changed completed phoenix isf
1210,status changed phoenix isf completed
1211,status changed phoenix completed isf
1212,status completed isf changed phoenix
1213,status completed isf phoenix changed
1214,status completed changed isf phoenix
1215,status completed changed phoenix isf
1216,status completed phoenix isf changed
1217,status completed phoenix changed isf
1218,status phoenix isf changed completed
1219,status phoenix isf completed changed
1220,status phoenix changed isf completed
1221,status phoenix changed completed isf
1222,status phoenix completed isf changed
1223,status phoenix completed changed isf
1224,isf status changed completed phoenix
1225,isf status changed phoenix completed
1226,isf status completed changed phoenix
1227,isf status completed phoenix changed
1228,isf status phoenix changed completed
1229,isf status phoenix completed changed
1230,isf changed status completed phoenix
1231,isf changed status phoenix completed
1232,isf changed completed status phoenix
1233,isf changed completed phoenix status
1234,isf changed phoenix status completed
1235,isf changed phoenix completed status
1236,isf completed status changed phoenix
1237,isf completed status phoenix changed
1238,isf completed changed status phoenix
1239,isf completed changed phoenix status
1240,isf completed phoenix status changed
1241,isf completed phoenix changed status
1242,isf phoenix status changed completed
1243,isf phoenix status completed changed
1244,isf phoenix changed status completed
1245,isf phoenix changed completed status
1246,isf phoenix completed status changed
1247,isf phoenix completed changed status
1248,changed status isf completed phoenix
1249,changed status isf phoenix completed
1250,changed status completed isf phoenix
1251,changed status completed phoenix isf
1252,changed status phoenix isf completed
1253,changed status phoenix completed isf
1254,changed isf status completed phoenix
1255,changed isf status phoenix completed
1256,changed isf completed status phoenix
1257,changed isf completed phoenix status
1258,changed isf phoenix status completed
1259,changed isf phoenix completed status
1260,changed completed status isf phoenix
1261,changed completed status phoenix isf
1262,changed completed isf status phoenix
1263,changed completed isf phoenix status
1264,changed completed phoenix status isf
1265,changed completed phoenix isf status
1266,changed phoenix status isf completed
1267,changed phoenix status completed isf
1268,changed phoenix isf status completed
1269,changed phoenix isf completed status
1270,changed phoenix completed status isf
1271,changed phoenix completed isf status
1272,completed status isf changed phoenix
1273,completed status isf phoenix changed
1274,completed status changed isf phoenix
1275,completed status changed phoenix isf
1276,completed status phoenix isf changed
1277,completed status phoenix changed isf
1278,completed isf status changed phoenix
1279,completed isf status phoenix changed
1280,completed isf changed status phoenix
1281,completed isf changed phoenix status
1282,completed isf phoenix status changed
1283,completed isf phoenix changed status
1284,completed changed status isf phoenix
1285,completed changed status phoenix isf
1286,completed changed isf status phoenix
1287,completed changed isf phoenix status
1288,completed changed phoenix status isf
1289,completed changed phoenix isf status
1290,completed phoenix status isf changed
1291,completed phoenix status changed isf
1292,completed phoenix isf status changed
1293,completed phoenix isf changed status
1294,completed phoenix changed status isf
1295,completed phoenix changed isf status
1296,phoenix status isf changed completed
1297,phoenix status isf completed changed
1298,phoenix status changed isf completed
1299,phoenix status changed completed isf
1300,phoenix status completed isf changed
1301,phoenix status completed changed isf
1302,phoenix isf status changed completed
1303,phoenix isf status completed changed
1304,phoenix isf changed status completed
1305,phoenix isf changed completed status
1306,phoenix isf completed status changed
1307,phoenix isf completed changed status
1308,phoenix changed status isf completed
1309,phoenix changed status completed isf
1310,phoenix changed isf status completed
1311,phoenix changed isf completed status
1312,phoenix changed completed status isf
1313,phoenix changed completed isf status
1314,phoenix completed status isf changed
1315,phoenix completed status changed isf
1316,phoenix completed isf status changed
1317,phoenix completed isf changed status
1318,phoenix completed changed status isf
1319,phoenix completed changed isf status
1320,integration messages present format phoenix
1321,integration messages present phoenix format
1322,integration messages format present phoenix
1323,integration messages format phoenix present
1324,integration messages phoenix present format
1325,integration messages phoenix format present
1326,integration present messages format phoenix
1327,integration present messages phoenix format
1328,integration present format messages phoenix
1329,integration present format phoenix messages
1330,integration present phoenix messages format
1331,integration present phoenix format messages
1332,integration format messages present phoenix
1333,integration format messages phoenix present
1334,integration format present messages phoenix
1335,integration format present phoenix messages
1336,integration format phoenix messages present
1337,integration format phoenix present messages
1338,integration phoenix messages present format
1339,integration phoenix messages format present
1340,integration phoenix present messages format
1341,integration phoenix present format messages
1342,integration phoenix format messages present
1343,integration phoenix format present messages
1344,messages integration present format phoenix
1345,messages integration present phoenix format
1346,messages integration format present phoenix
1347,messages integration format phoenix present
1348,messages integration phoenix present format
1349,messages integration phoenix format present
1350,messages present integration format phoenix
1351,messages present integration phoenix format
1352,messages present format integration phoenix
1353,messages present format phoenix integration
1354,messages present phoenix integration format
1355,messages present phoenix format integration
1356,messages format integration present phoenix
1357,messages format integration phoenix present
1358,messages format present integration phoenix
1359,messages format present phoenix integration
1360,messages format phoenix integration present
1361,messages format phoenix present integration
1362,messages phoenix integration present format
1363,messages phoenix integration format present
1364,messages phoenix present integration format
1365,messages phoenix present format integration
1366,messages phoenix format integration present
1367,messages phoenix format present integration
1368,present integration messages format phoenix
1369,present integration messages phoenix format
1370,present integration format messages phoenix
1371,present integration format phoenix messages
1372,present integration phoenix messages format
1373,present integration phoenix format messages
1374,present messages integration format phoenix
1375,present messages integration phoenix format
1376,present messages format integration phoenix
1377,present messages format phoenix integration
1378,present messages phoenix integration format
1379,present messages phoenix format integration
1380,present format integration messages phoenix
1381,present format integration phoenix messages
1382,present format messages integration phoenix
1383,present format messages phoenix integration
1384,present format phoenix integration messages
1385,present format phoenix messages integration
1386,present phoenix integration messages format
1387,present phoenix integration format messages
1388,present phoenix messages integration format
1389,present phoenix messages format integration
1390,present phoenix format integration messages
1391,present phoenix format messages integration
1392,format integration messages present phoenix
1393,format integration messages phoenix present
1394,format integration present messages phoenix
1395,format integration present phoenix messages
1396,format integration phoenix messages present
1397,format integration phoenix present messages
1398,format messages integration present phoenix
1399,format messages integration phoenix present
1400,format messages present integration phoenix
1401,format messages present phoenix integration
1402,format messages phoenix integration present
1403,format messages phoenix present integration
1404,format present integration messages phoenix
1405,format present integration phoenix messages
1406,format present messages integration phoenix
1407,format present messages phoenix integration
1408,format present phoenix integration messages
1409,format present phoenix messages integration
1410,format phoenix integration messages present
1411,format phoenix integration present messages
1412,format phoenix messages integration present
1413,format phoenix messages present integration
1414,format phoenix present integration messages
1415,format phoenix present messages integration
1416,phoenix integration messages present format
1417,phoenix integration messages format present
1418,phoenix integration present messages format
1419,phoenix integration present format messages
1420,phoenix integration format messages present
1421,phoenix integration format present messages
1422,phoenix messages integration present format
1423,phoenix messages integration format present
1424,phoenix messages present integration format
1425,phoenix messages present format integration
1426,phoenix messages format integration present
1427,phoenix messages format present integration
1428,phoenix present integration messages format
1429,phoenix present integration format messages
1430,phoenix present messages integration format
1431,phoenix present messages format integration
1432,phoenix present format integration messages
1433,phoenix present format messages integration
1434,phoenix format integration messages present
1435,phoenix format integration present messages
1436,phoenix format messages integration present
1437,phoenix format messages present integration
1438,phoenix format present integration messages
1439,phoenix format present messages integration
